Topic,Sub
Corporate Financials & Earnings,Investor Relations
Corporate Financials & Earnings,Other Financial Performance Metrics
Corporate Operations,CEO Interviews & Executive Thought Leadership
Corporate Operations,Business Development
Corporate Operations,Corporate Announcements
Corporate Operations,Corporate Rankings
Corporate Operations,Branding & Event Sponsorships
Corporate Operations,Artificial Intelligence & Advanced Computing
Corporate Operations,Personnel Management
Corporate Operations,Supply Chain
Legal Action,LAWSUIT_FOCUS Lawsuit
Pipeline & Portfolio,TREATMENT_PRODUCT Regulation
Pipeline & Portfolio,TREATMENT_PRODUCT Development
Pipeline & Portfolio,TREATMENT_PRODUCT Safety
Society & Economy,DEI
Society & Economy,Health Equity
Society & Economy,Sustainability
Macro Issues,Drug Pricing
Macro Issues,Tariffs
